{"cameraMode":{"drawMode":2,"name":"Shaded Wireframe","section":"Shading Mode"},"sceneLighting":true,"audioPlay":false,"sceneViewState":{"showFog":true,"showMaterialUpdate":true,"showSkybox":true,"showFlares":true,"showImageEffects":true,"showParticleSystems":true},"in2DMode":false,"pivot":{"x":5.293907642364502,"y":-33.98888397216797,"z":52.81520080566406},"rotation":{"x":0.2298506200313568,"y":-0.008440962992608548,"z":0.0019982284866273405,"w":0.973187267780304},"size":105.64244842529297,"orthographic":false}