{"cameraMode":{"drawMode":2,"name":"Shaded Wireframe","section":"Shading Mode"},"sceneLighting":true,"audioPlay":false,"sceneViewState":{"showFog":true,"showMaterialUpdate":false,"showSkybox":true,"showFlares":true,"showImageEffects":true,"showParticleSystems":true},"in2DMode":false,"pivot":{"x":-4.840301990509033,"y":-14.691734313964844,"z":1.2318038940429688},"rotation":{"x":0.6509982347488403,"y":0.0011390866711735726,"z":-0.00097675621509552,"w":0.7590778470039368},"size":64.20320892333985,"orthographic":false}