{"cameraMode":{"drawMode":2,"name":"Shaded Wireframe","section":"Shading Mode"},"sceneLighting":true,"audioPlay":false,"sceneViewState":{"showFog":true,"showMaterialUpdate":true,"showSkybox":true,"showFlares":true,"showImageEffects":true,"showParticleSystems":true},"in2DMode":false,"pivot":{"x":70.5527114868164,"y":-55.68987274169922,"z":90.47207641601563},"rotation":{"x":0.26887670159339907,"y":0.32973140478134158,"z":-0.09854721277952194,"w":0.8995949029922485},"size":108.97738647460938,"orthographic":false}