{"cameraMode":{"drawMode":2,"name":"Shaded Wireframe","section":"Shading Mode"},"sceneLighting":true,"audioPlay":false,"sceneViewState":{"showFog":true,"showMaterialUpdate":false,"showSkybox":true,"showFlares":true,"showImageEffects":true,"showParticleSystems":true},"in2DMode":false,"pivot":{"x":-4.907626152038574,"y":-17.342540740966798,"z":-8.424094200134278},"rotation":{"x":0.6700333952903748,"y":0.013359938748180867,"z":-0.01206217985600233,"w":0.7421128153800964},"size":56.27846908569336,"orthographic":false}