{"cameraMode":{"drawMode":2,"name":"Shaded Wireframe","section":"Shading Mode"},"sceneLighting":true,"audioPlay":false,"sceneViewState":{"showFog":true,"showMaterialUpdate":true,"showSkybox":true,"showFlares":true,"showImageEffects":true,"showParticleSystems":true},"in2DMode":false,"pivot":{"x":-4.586657524108887,"y":1.7527813911437989,"z":-7.921588897705078},"rotation":{"x":0.11045606434345246,"y":0.21585771441459657,"z":-0.02458418533205986,"w":0.9698456525802612},"size":30.187498092651368,"orthographic":false}