{"cameraMode":{"drawMode":2,"name":"Shaded Wireframe","section":"Shading Mode"},"sceneLighting":true,"audioPlay":false,"sceneViewState":{"showFog":true,"showMaterialUpdate":true,"showSkybox":true,"showFlares":true,"showImageEffects":true,"showParticleSystems":true},"in2DMode":false,"pivot":{"x":-85.28199005126953,"y":-378.1993103027344,"z":-13.618398666381836},"rotation":{"x":0.3802954852581024,"y":-0.6196912527084351,"z":0.48336857557296755,"w":0.48755815625190737},"size":518.7841796875,"orthographic":false}