{"cameraMode":{"drawMode":2,"name":"Shaded Wireframe","section":"Shading Mode"},"sceneLighting":true,"audioPlay":false,"sceneViewState":{"showFog":true,"showMaterialUpdate":true,"showSkybox":true,"showFlares":true,"showImageEffects":true,"showParticleSystems":true},"in2DMode":false,"pivot":{"x":119.78044128417969,"y":-270.19384765625,"z":-212.753662109375},"rotation":{"x":-0.12034385651350022,"y":-0.8709539771080017,"z":0.39620161056518557,"w":-0.2645390033721924},"size":487.224853515625,"orthographic":false}