{"cameraMode":{"drawMode":2,"name":"Shaded Wireframe","section":"Shading Mode"},"sceneLighting":true,"audioPlay":false,"sceneViewState":{"showFog":true,"showMaterialUpdate":false,"showSkybox":true,"showFlares":true,"showImageEffects":true,"showParticleSystems":true},"in2DMode":false,"pivot":{"x":-4.1709513664245609,"y":-12.606834411621094,"z":12.628494262695313},"rotation":{"x":0.27740103006362917,"y":0.044655486941337588,"z":-0.012908462435007096,"w":0.9596290588378906},"size":61.391815185546878,"orthographic":false}