{"cameraMode":{"drawMode":2,"name":"Shaded Wireframe","section":"Shading Mode"},"sceneLighting":false,"audioPlay":false,"sceneViewState":{"showFog":true,"showMaterialUpdate":true,"showSkybox":false,"showFlares":true,"showImageEffects":true,"showParticleSystems":true},"in2DMode":false,"pivot":{"x":-15.073299407958985,"y":-14.330559730529786,"z":-2.7382638454437258},"rotation":{"x":0.2394888550043106,"y":-0.689473032951355,"z":0.2614382207393646,"w":0.6316028237342835},"size":33.288753509521487,"orthographic":false}