{"cameraMode":{"drawMode":2,"name":"Shaded Wireframe","section":"Shading Mode"},"sceneLighting":true,"audioPlay":false,"sceneViewState":{"showFog":true,"showMaterialUpdate":true,"showSkybox":true,"showFlares":true,"showImageEffects":true,"showParticleSystems":true},"in2DMode":false,"pivot":{"x":-1010.4094848632813,"y":-325.58966064453127,"z":-50.7411994934082},"rotation":{"x":0.1065240427851677,"y":-0.7105973362922669,"z":0.11023106426000595,"w":0.6866973042488098},"size":1088.7833251953125,"orthographic":false}