{"cameraMode":{"drawMode":2,"name":"Shaded Wireframe","section":"Shading Mode"},"sceneLighting":true,"audioPlay":false,"sceneViewState":{"showFog":true,"showMaterialUpdate":true,"showSkybox":true,"showFlares":true,"showImageEffects":true,"showParticleSystems":true},"in2DMode":false,"pivot":{"x":-822.5452270507813,"y":-446.9467468261719,"z":-632.941650390625},"rotation":{"x":0.089379221200943,"y":-0.8795592784881592,"z":0.18278515338897706,"w":0.4300888776779175},"size":1208.5064697265625,"orthographic":false}