{"cameraMode":{"drawMode":2,"name":"Shaded Wireframe","section":"Shading Mode"},"sceneLighting":true,"audioPlay":false,"sceneViewState":{"showFog":true,"showMaterialUpdate":true,"showSkybox":true,"showFlares":true,"showImageEffects":true,"showParticleSystems":true},"in2DMode":false,"pivot":{"x":99.0189208984375,"y":-63.69355010986328,"z":37.39570617675781},"rotation":{"x":0.25905218720436098,"y":0.5625783205032349,"z":-0.19139491021633149,"w":0.7614234089851379},"size":276.7663879394531,"orthographic":false}