{"cameraMode":{"drawMode":2,"name":"Shaded Wireframe","section":"Shading Mode"},"sceneLighting":true,"audioPlay":false,"sceneViewState":{"showFog":true,"showMaterialUpdate":true,"showSkybox":true,"showFlares":true,"showImageEffects":true,"showParticleSystems":true},"in2DMode":false,"pivot":{"x":24.24470329284668,"y":-40.21043014526367,"z":37.08821105957031},"rotation":{"x":0.2851214110851288,"y":0.08928871154785156,"z":-0.026682347059249879,"w":0.9539504051208496},"size":105.64244842529297,"orthographic":false}