{"cameraMode":{"drawMode":2,"name":"Shaded Wireframe","section":"Shading Mode"},"sceneLighting":true,"audioPlay":false,"sceneViewState":{"showFog":true,"showMaterialUpdate":true,"showSkybox":true,"showFlares":true,"showImageEffects":true,"showParticleSystems":true},"in2DMode":false,"pivot":{"x":91.3890380859375,"y":54.29522705078125,"z":484.2564697265625},"rotation":{"x":-0.2632719874382019,"y":-0.00811808928847313,"z":0.002213314175605774,"w":-0.9646850228309631},"size":1080.5211181640625,"orthographic":false}