{"cameraMode":{"drawMode":2,"name":"Shaded Wireframe","section":"Shading Mode"},"sceneLighting":true,"audioPlay":false,"sceneViewState":{"showFog":true,"showMaterialUpdate":true,"showSkybox":true,"showFlares":true,"showImageEffects":true,"showParticleSystems":true},"in2DMode":false,"pivot":{"x":5.557509422302246,"y":-79.6666030883789,"z":18.007137298583986},"rotation":{"x":-0.5723796486854553,"y":-0.03148134797811508,"z":0.021996838971972467,"w":-0.8190889358520508},"size":191.8309783935547,"orthographic":false}