{"cameraMode":{"drawMode":2,"name":"Shaded Wireframe","section":"Shading Mode"},"sceneLighting":true,"audioPlay":false,"sceneViewState":{"showFog":true,"showMaterialUpdate":false,"showSkybox":true,"showFlares":true,"showImageEffects":true,"showParticleSystems":true},"in2DMode":false,"pivot":{"x":-6.881133079528809,"y":-2.298145294189453,"z":17.079605102539064},"rotation":{"x":0.19758789241313935,"y":0.005882223602384329,"z":-0.0011855188058689237,"w":0.980266809463501},"size":77.0726547241211,"orthographic":false}