{"cameraMode":{"drawMode":2,"name":"Shaded Wireframe","section":"Shading Mode"},"sceneLighting":true,"audioPlay":false,"sceneViewState":{"showFog":true,"showMaterialUpdate":true,"showSkybox":true,"showFlares":true,"showImageEffects":true,"showParticleSystems":true},"in2DMode":false,"pivot":{"x":-28.005006790161134,"y":-331.8880310058594,"z":-187.1537628173828},"rotation":{"x":0.020775081589818,"y":-0.8722313642501831,"z":0.4872344136238098,"w":0.037197161465883258},"size":450.83062744140627,"orthographic":false}