{"cameraMode":{"drawMode":2,"name":"Shaded Wireframe","section":"Shading Mode"},"sceneLighting":true,"audioPlay":false,"sceneViewState":{"showFog":true,"showMaterialUpdate":true,"showSkybox":true,"showFlares":true,"showImageEffects":true,"showParticleSystems":true},"in2DMode":false,"pivot":{"x":524.3888549804688,"y":365.6490478515625,"z":2472.546142578125},"rotation":{"x":-0.0024228438269346954,"y":0.027581878006458284,"z":-0.00006944192864466459,"w":-0.9996166229248047},"size":3556.145263671875,"orthographic":false}