{"cameraMode":{"drawMode":0,"name":"Shaded","section":"Shading Mode"},"sceneLighting":true,"audioPlay":false,"sceneViewState":{"showFog":true,"showMaterialUpdate":false,"showSkybox":true,"showFlares":true,"showImageEffects":true,"showParticleSystems":true},"in2DMode":false,"pivot":{"x":-126.12362670898438,"y":-28.329896926879884,"z":44.72707748413086},"rotation":{"x":-0.09424205124378205,"y":0.6147684454917908,"z":-0.07432367652654648,"w":-0.7795217633247376},"size":179.970458984375,"orthographic":false}