{"cameraMode":{"drawMode":0,"name":"Shaded","section":"Shading Mode"},"sceneLighting":true,"audioPlay":false,"sceneViewState":{"showFog":true,"showMaterialUpdate":false,"showSkybox":true,"showFlares":true,"showImageEffects":true,"showParticleSystems":true},"in2DMode":false,"pivot":{"x":-54.77289581298828,"y":-1.0606517791748047,"z":79.77361297607422},"rotation":{"x":0.0003061906900256872,"y":-0.2037515491247177,"z":0.00006355126242851838,"w":0.9790226221084595},"size":72.1692123413086,"orthographic":false}