{"cameraMode":{"drawMode":0,"name":"Shaded","section":"Shading Mode"},"sceneLighting":true,"audioPlay":false,"sceneViewState":{"showFog":true,"showMaterialUpdate":false,"showSkybox":true,"showFlares":true,"showImageEffects":true,"showParticleSystems":true},"in2DMode":false,"pivot":{"x":-16.56470489501953,"y":-7.286355972290039,"z":-8.789924621582032},"rotation":{"x":0.0806427001953125,"y":-0.8298602104187012,"z":0.12441067397594452,"w":0.5379133820533752},"size":52.91007614135742,"orthographic":false}